sequence,irt
QLQQIERQLK,30.4838305339684
LNTEVTTWRTK,35.665988815455
ENLLALNTHSR,45.7382802707445
WKFLQEQNK,44.3551444385473
MQALVEKLQNK,36.6090493136756
PIQM[UNIMOD:35]C[UNIMOD:4]C[UNIMOD:4]PSC[UNIMOD:4]NK,1.87086934417895
ENKVC[UNIMOD:4]VSTWQK,24.6212506354855
EEEFEATRK,5.39400101677682
PSFLTEQELK,58.4552783885561
KIQQLEAER,10.7946853848082
ELVFQTEEDHK,38.2025570318375
EDSITKLQK,13.9628876461617
TEELALSHYR,35.3346703434445
ELLKEALNMER,58.2677362747556
GDEEEYWNSSK,32.0157600406711
AMAQTQELVNK,25.866802236909
